{"cameraMode":{"drawMode":0,"name":"Shaded","section":"Shading Mode"},"sceneLighting":true,"audioPlay":false,"sceneViewState":{"m_AlwaysRefresh":false,"showFog":true,"showSkybox":true,"showFlares":true,"showImageEffects":true,"showParticleSystems":true,"showVisualEffectGraphs":true,"m_FxEnabled":true},"in2DMode":false,"pivot":{"x":22.99456214904785,"y":-21.84922981262207,"z":24.044111251831056},"rotation":{"x":0.27083033323287966,"y":0.35773029923439028,"z":-0.10922793298959732,"w":0.8869917392730713},"size":21.660600662231447,"orthographic":false}