{"cameraMode":{"drawMode":0,"name":"Shaded","section":"Shading Mode"},"sceneLighting":true,"audioPlay":false,"sceneViewState":{"m_AlwaysRefresh":false,"showFog":true,"showSkybox":true,"showFlares":true,"showImageEffects":true,"showParticleSystems":true,"showVisualEffectGraphs":true,"m_FxEnabled":true},"in2DMode":false,"pivot":{"x":-1.8467473983764649,"y":-8.859796524047852,"z":19.710739135742189},"rotation":{"x":-0.23359090089797975,"y":0.01787262037396431,"z":-0.0042944494634866718,"w":-0.9721611142158508},"size":22.02101707458496,"orthographic":false}